学名,科,属,体重g,頭胴長mm,新生児体重g,集団サイズ,妊娠期間日,離乳日齢,初産日齢,出産間隔日,一腹産子数,最長寿命月,行動圏km2,個体群密度,分布域km2,栄養段階,生息環境幅,平均気温C,月降水量mm
Allenopithecus nigroviridis,オナガザル科,Allenopithecus,4749.96,459.99,240.71,40.0,-999.0,106.15,-999.0,-999.0,1.01,276.0,-999.0,-999.0,609031.19,-999,-999.0,25.2,157.4
Allocebus trichotis,コビトキツネザル科,Allocebus,78.09,133.99,-999.0,1.0,-999.0,-999.0,-999.0,-999.0,1.0,-999.0,-999.0,-999.0,42488.06,2,1.0,20.3,190.23
Alouatta belzebul,クモザル科,Alouatta,6157.91,550.38,-999.0,7.4,-999.0,-999.0,-999.0,-999.0,-999.0,-999.0,-999.0,17.0,1899561.77,-999,1.0,24.9,164.35
Alouatta caraya,クモザル科,Alouatta,5576.96,558.16,260.6,8.9,185.92,323.16,1354.15,337.62,1.01,243.6,-999.0,80.0,1534736.35,1,-999.0,22.9,116.64
Alouatta coibensis,クモザル科,Alouatta,-999.0,-999.0,-999.0,5.2,-999.0,-999.0,-999.0,-999.0,-999.0,-999.0,-999.0,-999.0,1159.16,-999,-999.0,26.6,162.0
Alouatta guariba,クモザル科,Alouatta,5188.33,514.53,-999.0,7.4,-999.0,-999.0,-999.0,-999.0,-999.0,-999.0,0.03,89.09,825479.22,1,1.0,19.6,133.23
Alouatta macconnelli,クモザル科,Alouatta,-999.0,-999.0,-999.0,-999.0,-999.0,-999.0,-999.0,-999.0,-999.0,-999.0,-999.0,-999.0,1679178.24,-999,-999.0,25.0,162.09
Alouatta nigerrima,クモザル科,Alouatta,-999.0,-999.0,-999.0,-999.0,-999.0,-999.0,-999.0,-999.0,-999.0,-999.0,-999.0,-999.0,183994.3,-999,-999.0,25.7,170.18
Alouatta palliata,クモザル科,Alouatta,6576.99,576.35,318.29,13.1,185.42,495.6,1382.13,684.37,1.02,300.0,0.19,58.99,559554.92,1,1.0,23.7,185.26
Alouatta pigra,クモザル科,Alouatta,7172.06,566.94,480.0,5.5,185.92,-999.0,-999.0,-999.0,1.01,240.0,0.3,8.53,91384.8,1,1.0,25.1,134.13
Alouatta sara,クモザル科,Alouatta,6611.04,-999.0,-999.0,-999.0,-999.0,-999.0,-999.0,-999.0,-999.0,-999.0,-999.0,-999.0,526742.28,-999,-999.0,24.5,109.48
Alouatta seniculus,クモザル科,Alouatta,6398.31,560.21,293.42,7.9,189.9,370.04,1671.7,507.35,1.42,300.0,0.1,44.49,2516845.21,2,1.0,25.1,182.34
Aotus azarae,ヨザル科,Aotus,929.57,-999.0,-999.0,4.1,-999.0,229.69,-999.0,365.0,1.0,-999.0,-999.0,15.94,663508.32,2,1.0,24.6,101.09
Aotus hershkovitzi,ヨザル科,Aotus,800.0,-999.0,-999.0,-999.0,-999.0,-999.0,-999.0,-999.0,-999.0,-999.0,-999.0,-999.0,5811.51,2,1.0,21.0,129.17
Aotus lemurinus,ヨザル科,Aotus,865.96,305.0,97.47,-999.0,132.23,74.57,-999.0,365.0,1.01,216.0,-999.0,35.43,321845.55,2,1.0,24.2,190.02
Aotus miconax,ヨザル科,Aotus,800.0,-999.0,-999.0,-999.0,-999.0,-999.0,-999.0,-999.0,-999.0,-999.0,-999.0,-999.0,70306.69,2,1.0,24.1,141.98
Aotus nancymaae,ヨザル科,Aotus,791.03,-999.0,-999.0,4.0,-999.0,-999.0,-999.0,-999.0,1.02,-999.0,-999.0,28.16,157985.99,2,1.0,26.1,228.04
Aotus nigriceps,ヨザル科,Aotus,1057.0,357.99,-999.0,3.3,-999.0,-999.0,-999.0,-999.0,-999.0,-999.0,-999.0,38.0,1674555.55,2,1.0,25.2,180.71
Aotus trivirgatus,ヨザル科,Aotus,912.4,357.99,96.49,3.15,133.47,76.21,883.3,271.0,1.06,303.6,0.02,24.37,590942.02,2,1.0,24.8,178.6
Aotus vociferans,ヨザル科,Aotus,872.99,-999.0,-999.0,3.3,-999.0,-999.0,-999.0,-999.0,1.02,-999.0,-999.0,23.51,1226115.0,1,1.0,25.3,217.44
Arctocebus aureus,ロリス科,Arctocebus,234.16,-999.0,-999.0,-999.0,-999.0,-999.0,-999.0,-999.0,-999.0,-999.0,-999.0,-999.0,878239.93,-999,-999.0,24.5,150.36
Arctocebus calabarensis,ロリス科,Arctocebus,258.01,239.99,31.82,1.0,133.74,109.26,417.92,144.47,1.01,156.0,-999.0,6.2,185093.8,2,-999.0,24.8,184.44
Ateles belzebuth,クモザル科,Ateles,6692.42,459.3,-999.0,14.5,138.2,-999.0,-999.0,-999.0,1.02,336.0,2.28,13.49,1030364.23,1,1.0,25.8,227.01
Ateles chamek,クモザル科,Ateles,7053.92,454.28,-999.0,-999.0,-999.0,-999.0,-999.0,-999.0,-999.0,-999.0,1.16,3.39,990902.31,1,1.0,25.5,194.51
Ateles fusciceps,クモザル科,Ateles,9067.94,489.15,499.99,-999.0,224.7,482.7,1773.9,851.66,1.01,288.0,-999.0,-999.0,201579.73,1,1.0,24.1,220.34
Ateles geoffroyi,クモザル科,Ateles,7582.4,433.07,425.85,42.0,226.37,816.35,2080.5,1048.15,1.01,327.6,0.73,19.06,806609.19,1,1.0,24.3,153.93
Ateles hybridus,クモザル科,Ateles,-999.0,-999.0,-999.0,-999.0,-999.0,-999.0,-999.0,-999.0,-999.0,-999.0,-999.0,-999.0,144643.82,-999,-999.0,25.6,114.72
Ateles marginatus,クモザル科,Ateles,6229.28,460.27,-999.0,-999.0,-999.0,-999.0,-999.0,-999.0,-999.0,-999.0,-999.0,-999.0,831855.4,1,1.0,25.3,169.03
Ateles paniscus,クモザル科,Ateles,8697.25,575.96,478.64,20.0,228.18,805.41,1825.0,1072.18,1.0,453.6,1.36,8.0,892635.1,2,1.0,25.6,157.69
Avahi laniger,インドリ科,Avahi,1092.28,275.0,-999.0,2.0,136.15,149.15,941.7,365.0,1.01,-999.0,0.01,84.85,85075.49,1,2.0,19.7,176.9
Avahi occidentalis,インドリ科,Avahi,828.98,-999.0,-999.0,3.0,-999.0,-999.0,-999.0,-999.0,1.02,-999.0,0.01,66.99,7563.78,1,1.0,24.9,118.44
Avahi unicolor,インドリ科,Avahi,-999.0,-999.0,-999.0,-999.0,-999.0,-999.0,-999.0,-999.0,-999.0,-999.0,-999.0,-999.0,2508.24,-999,-999.0,20.8,140.0
Brachyteles arachnoides,クモザル科,Brachyteles,10537.31,578.19,-999.0,19.6,221.75,734.82,2737.5,1028.69,1.02,-999.0,1.04,5.49,6796.12,2,1.0,21.2,132.7
Brachyteles hypoxanthus,クモザル科,Brachyteles,-999.0,-999.0,-999.0,-999.0,-999.0,-999.0,-999.0,-999.0,-999.0,-999.0,-999.0,-999.0,5564.78,-999,-999.0,19.4,122.82
Bunopithecus hoolock,テナガザル科,Bunopithecus,6699.0,547.49,-999.0,3.2,232.5,635.13,-999.0,-999.0,1.01,-999.0,0.16,7.0,267771.52,2,1.0,17.5,153.6
Cacajao calvus,サキ科,Cacajao,3421.04,540.55,-999.0,23.7,180.0,339.29,1306.7,775.62,1.01,324.0,-999.0,15.1,103819.04,2,1.0,25.5,211.86
Cacajao melanocephalus,サキ科,Cacajao,3121.58,400.0,-999.0,30.0,-999.0,-999.0,-999.0,-999.0,-999.0,216.0,-999.0,-999.0,465904.63,2,1.0,25.1,231.02
Callicebus baptista,サキ科,Callicebus,-999.0,-999.0,-999.0,-999.0,-999.0,-999.0,-999.0,-999.0,-999.0,-999.0,-999.0,-999.0,10656.1,-999,-999.0,26.3,141.91
Callicebus barbarabrownae,サキ科,Callicebus,-999.0,-999.0,-999.0,-999.0,-999.0,-999.0,-999.0,-999.0,-999.0,-999.0,-999.0,-999.0,167232.08,-999,-999.0,24.1,73.82
Callicebus bernhardi,サキ科,Callicebus,-999.0,-999.0,-999.0,-999.0,-999.0,-999.0,-999.0,-999.0,-999.0,-999.0,-999.0,-999.0,-999.0,-999,-999.0,-999.0,-999.0
Callicebus brunneus,サキ科,Callicebus,850.84,-999.0,-999.0,2.5,-999.0,-999.0,-999.0,-999.0,1.02,-999.0,0.04,-999.0,137589.11,-999,1.0,24.4,173.37
Callicebus caligatus,サキ科,Callicebus,992.4,-999.0,-999.0,1.0,-999.0,-999.0,-999.0,-999.0,1.02,-999.0,-999.0,-999.0,-999.0,-999,1.0,-999.0,-999.0
Callicebus cinerascens,サキ科,Callicebus,992.4,-999.0,-999.0,1.0,-999.0,-999.0,-999.0,-999.0,1.02,-999.0,-999.0,-999.0,113467.5,-999,1.0,24.8,180.52
Callicebus coimbrai,サキ科,Callicebus,-999.0,-999.0,-999.0,-999.0,-999.0,-999.0,-999.0,-999.0,-999.0,-999.0,-999.0,-999.0,12847.57,-999,-999.0,24.7,112.76
Callicebus cupreus,サキ科,Callicebus,1117.02,354.99,73.6,2.05,129.25,201.85,-999.0,395.41,1.01,-999.0,-999.0,4.89,690923.14,-999,1.0,25.5,196.01
Callicebus discolor,サキ科,Callicebus,-999.0,-999.0,-999.0,-999.0,-999.0,-999.0,-999.0,-999.0,-999.0,-999.0,-999.0,-999.0,-999.0,-999,-999.0,-999.0,-999.0
Callicebus donacophilus,サキ科,Callicebus,897.67,-999.0,-999.0,1.0,-999.0,-999.0,-999.0,-999.0,1.02,-999.0,-999.0,-999.0,288759.02,-999,1.0,24.4,108.93
Callicebus dubius,サキ科,Callicebus,992.4,-999.0,-999.0,1.0,-999.0,-999.0,-999.0,-999.0,1.02,-999.0,-999.0,-999.0,-999.0,-999,1.0,-999.0,-999.0
Callicebus hoffmannsi,サキ科,Callicebus,1067.61,-999.0,-999.0,1.0,-999.0,-999.0,-999.0,-999.0,1.02,-999.0,-999.0,-999.0,98076.46,-999,1.0,25.8,158.41
Callicebus lucifer,サキ科,Callicebus,-999.0,-999.0,-999.0,-999.0,-999.0,-999.0,-999.0,-999.0,-999.0,-999.0,-999.0,-999.0,-999.0,-999,-999.0,-999.0,-999.0
Callicebus lugens,サキ科,Callicebus,-999.0,-999.0,-999.0,-999.0,-999.0,-999.0,-999.0,-999.0,-999.0,-999.0,-999.0,-999.0,-999.0,-999,-999.0,-999.0,-999.0
Callicebus medemi,サキ科,Callicebus,-999.0,-999.0,-999.0,-999.0,-999.0,-999.0,-999.0,-999.0,-999.0,-999.0,-999.0,-999.0,36587.57,-999,-999.0,29.2,152.17
Callicebus melanochir,サキ科,Callicebus,-999.0,-999.0,-999.0,-999.0,-999.0,-999.0,-999.0,-999.0,-999.0,-999.0,-999.0,-999.0,60497.71,-999,-999.0,23.3,137.48
Callicebus modestus,サキ科,Callicebus,992.4,-999.0,-999.0,1.0,-999.0,-999.0,-999.0,-999.0,1.02,-999.0,-999.0,-999.0,17288.42,-999,1.0,22.5,119.01
Callicebus moloch,サキ科,Callicebus,958.13,358.65,74.4,2.95,164.0,58.85,1095.0,365.0,1.01,303.6,0.02,18.43,911442.78,2,1.0,24.6,174.03
Callicebus nigrifrons,サキ科,Callicebus,-999.0,-999.0,-999.0,-999.0,-999.0,-999.0,-999.0,-999.0,-999.0,-999.0,-999.0,-999.0,513267.9,-999,-999.0,20.4,128.2
Callicebus oenanthe,サキ科,Callicebus,992.4,-999.0,-999.0,1.0,-999.0,-999.0,-999.0,-999.0,1.02,-999.0,-999.0,-999.0,5807.21,-999,1.0,22.0,139.67
Callicebus olallae,サキ科,Callicebus,992.4,-999.0,-999.0,1.0,-999.0,-999.0,-999.0,-999.0,1.02,-999.0,-999.0,-999.0,17288.42,-999,1.0,22.5,119.01
Callicebus ornatus,サキ科,Callicebus,-999.0,-999.0,-999.0,-999.0,-999.0,-999.0,-999.0,-999.0,-999.0,-999.0,-999.0,-999.0,23066.97,-999,-999.0,20.9,130.8
Callicebus pallescens,サキ科,Callicebus,-999.0,-999.0,-999.0,-999.0,-999.0,-999.0,-999.0,-999.0,-999.0,-999.0,-999.0,-999.0,93328.33,-999,-999.0,25.8,86.34
Callicebus personatus,サキ科,Callicebus,1390.8,362.49,-999.0,2.35,-999.0,-999.0,-999.0,-999.0,1.01,-999.0,0.03,13.03,172664.46,1,1.0,21.2,107.39
Callicebus purinus,サキ科,Callicebus,-999.0,-999.0,-999.0,-999.0,-999.0,-999.0,-999.0,-999.0,-999.0,-999.0,-999.0,-999.0,-999.0,-999,-999.0,-999.0,-999.0
Callicebus regulus,サキ科,Callicebus,-999.0,-999.0,-999.0,-999.0,-999.0,-999.0,-999.0,-999.0,-999.0,-999.0,-999.0,-999.0,-999.0,-999,-999.0,-999.0,-999.0
Callicebus stephennashi,サキ科,Callicebus,-999.0,-999.0,-999.0,-999.0,-999.0,-999.0,-999.0,-999.0,-999.0,-999.0,-999.0,-999.0,-999.0,-999,-999.0,-999.0,-999.0
Callicebus torquatus,サキ科,Callicebus,1209.57,294.99,-999.0,3.85,-999.0,121.66,-999.0,-999.0,1.01,-999.0,0.11,10.2,-999.0,2,1.0,-999.0,-999.0
Callimico goeldii,オマキザル科,Callimico,558.0,280.0,50.5,6.85,153.99,66.53,491.83,182.5,1.05,214.8,0.32,2.08,462922.05,2,1.0,26.0,209.19
Callithrix acariensis,オマキザル科,Callithrix,-999.0,-999.0,-999.0,-999.0,-999.0,-999.0,-999.0,-999.0,-999.0,-999.0,-999.0,-999.0,79622.42,-999,-999.0,24.6,178.99
Callithrix argentata,オマキザル科,Callithrix,382.92,-999.0,35.8,9.5,-999.0,-999.0,609.55,219.6,1.84,201.6,-999.0,7.52,123514.0,2,1.0,25.4,171.85
Callithrix aurita,オマキザル科,Callithrix,386.2,239.99,-999.0,6.0,140.0,-999.0,-999.0,-999.0,2.0,-999.0,0.08,-999.0,87653.49,2,1.0,18.8,148.06
Callithrix chrysoleuca,オマキザル科,Callithrix,-999.0,-999.0,-999.0,-999.0,-999.0,-999.0,-999.0,-999.0,-999.0,-999.0,-999.0,-999.0,60733.28,-999,-999.0,25.9,170.99
Callithrix emiliae,オマキザル科,Callithrix,309.58,-999.0,-999.0,-999.0,-999.0,-999.0,-999.0,-999.0,-999.0,-999.0,-999.0,-999.0,160568.97,-999,-999.0,24.9,193.59
Callithrix flaviceps,オマキザル科,Callithrix,372.97,239.99,-999.0,9.8,140.0,-999.0,-999.0,-999.0,2.0,-999.0,0.22,11.85,27330.89,2,1.0,20.1,111.78
Callithrix geoffroyi,オマキザル科,Callithrix,342.0,-999.0,-999.0,-999.0,-999.0,-999.0,-999.0,-999.0,-999.0,-999.0,-999.0,-999.0,132745.3,-999,1.0,21.6,108.43
Callithrix humeralifera,オマキザル科,Callithrix,374.99,-999.0,34.5,8.5,-999.0,99.01,-999.0,-999.0,-999.0,180.0,0.1,28.32,129628.0,2,1.0,25.9,163.67
Callithrix humilis,オマキザル科,Callithrix,-999.0,-999.0,-999.0,-999.0,-999.0,-999.0,-999.0,-999.0,-999.0,-999.0,-999.0,-999.0,21239.49,-999,-999.0,26.0,172.58
Callithrix intermedia,オマキザル科,Callithrix,-999.0,-999.0,-999.0,11.5,-999.0,-999.0,-999.0,-999.0,2.0,-999.0,0.19,19.97,73178.5,-999,-999.0,25.0,179.43
Callithrix jacchus,オマキザル科,Callithrix,290.21,-999.0,27.74,8.55,144.0,60.24,555.1,159.8,2.31,201.6,0.02,508.18,604264.4,2,1.0,25.0,99.39
Callithrix kuhlii,オマキザル科,Callithrix,374.99,-999.0,-999.0,-999.0,-999.0,-999.0,-999.0,-999.0,-999.0,-999.0,0.06,59.0,34583.88,2,1.0,23.0,149.75
Callithrix leucippe,オマキザル科,Callithrix,-999.0,-999.0,-999.0,-999.0,-999.0,-999.0,-999.0,-999.0,-999.0,-999.0,-999.0,-999.0,14616.07,-999,-999.0,25.1,171.99
Callithrix manicorensis,オマキザル科,Callithrix,-999.0,-999.0,-999.0,-999.0,-999.0,-999.0,-999.0,-999.0,-999.0,-999.0,-999.0,-999.0,18875.99,-999,-999.0,26.1,171.12
Callithrix marcai,オマキザル科,Callithrix,-999.0,-999.0,-999.0,-999.0,-999.0,-999.0,-999.0,-999.0,-999.0,-999.0,-999.0,-999.0,44500.24,-999,-999.0,24.4,183.11
Callithrix mauesi,オマキザル科,Callithrix,443.79,-999.0,-999.0,-999.0,-999.0,-999.0,-999.0,-999.0,-999.0,-999.0,-999.0,-999.0,2038.88,2,1.0,26.1,143.49
Callithrix melanura,オマキザル科,Callithrix,-999.0,-999.0,-999.0,-999.0,-999.0,-999.0,-999.0,-999.0,-999.0,-999.0,-999.0,-999.0,543620.62,-999,-999.0,24.3,126.64
Callithrix nigriceps,オマキザル科,Callithrix,401.12,-999.0,-999.0,-999.0,-999.0,-999.0,-999.0,-999.0,2.0,-999.0,-999.0,-999.0,24958.88,2,1.0,25.7,181.98
Callithrix penicillata,オマキザル科,Callithrix,339.98,-999.0,-999.0,5.9,-999.0,-999.0,-999.0,-999.0,2.0,-999.0,0.01,-999.0,1325473.3,-999,1.0,22.0,117.22
Callithrix pygmaea,オマキザル科,Callithrix,123.94,154.6,14.5,6.0,134.44,90.73,840.41,182.5,1.93,181.2,0.002117904,15.9,1508925.87,2,1.0,25.6,208.53
Callithrix saterei,オマキザル科,Callithrix,-999.0,-999.0,-999.0,-999.0,-999.0,-999.0,-999.0,-999.0,-999.0,-999.0,-999.0,-999.0,18742.81,-999,-999.0,26.1,164.67
Cebus albifrons,オマキザル科,Cebus,2509.68,384.28,231.92,25.0,158.29,270.32,1467.3,547.5,1.01,528.0,0.53,16.79,3105886.13,2,2.0,25.3,192.99
Cebus apella,オマキザル科,Cebus,2758.38,422.69,231.38,7.9,154.99,263.12,2058.6,657.0,1.05,541.2,0.88,23.77,10768851.82,2,2.0,24.1,154.19
Cebus capucinus,オマキザル科,Cebus,3005.99,377.82,238.36,18.15,161.06,514.07,1460.0,790.83,1.01,657.6,0.35,27.27,431037.87,2,2.0,24.0,216.57
Cebus kaapori,オマキザル科,Cebus,3000.0,-999.0,-999.0,-999.0,-999.0,-999.0,-999.0,-999.0,-999.0,-999.0,-999.0,-999.0,83826.99,-999,-999.0,24.8,162.46
Cebus libidinosus,オマキザル科,Cebus,-999.0,-999.0,-999.0,-999.0,-999.0,-999.0,-999.0,-999.0,-999.0,-999.0,-999.0,-999.0,500245.27,-999,-999.0,24.4,115.7
Cebus nigritus,オマキザル科,Cebus,-999.0,435.0,-999.0,9.1,-999.0,-999.0,-999.0,-999.0,1.0,528.0,1.47,-999.0,449987.63,2,2.0,19.0,126.58
Cebus olivaceus,オマキザル科,Cebus,2787.64,404.1,-999.0,11.45,-999.0,725.86,2190.0,792.05,1.01,492.0,1.7,24.79,1484240.05,2,2.0,24.9,155.52
Cebus xanthosternos,オマキザル科,Cebus,-999.0,-999.0,-999.0,-999.0,-999.0,-999.0,-999.0,-999.0,-999.0,-999.0,-999.0,-999.0,62866.63,-999,-999.0,21.7,116.23
Cercocebus agilis,オナガザル科,Cercocebus,7105.62,-999.0,-999.0,-999.0,-999.0,-999.0,-999.0,-999.0,-999.0,-999.0,-999.0,-999.0,1068616.42,-999,-999.0,24.1,138.41
Cercocebus atys,オナガザル科,Cercocebus,6941.24,-999.0,527.17,35.0,165.08,-999.0,-999.0,394.2,1.01,321.6,-999.0,8.85,440620.58,-999,-999.0,25.6,186.09
Cercocebus chrysogaster,オナガザル科,Cercocebus,-999.0,-999.0,-999.0,-999.0,-999.0,-999.0,-999.0,-999.0,-999.0,-999.0,-999.0,-999.0,564761.67,-999,-999.0,24.9,151.44
Cercocebus galeritus,オナガザル科,Cercocebus,7077.66,510.0,-999.0,20.35,174.43,-999.0,2372.5,-999.0,1.01,252.0,0.51,70.11,20246.09,1,2.0,27.4,53.99
Cercocebus sanjei,オナガザル科,Cercocebus,-999.0,-999.0,-999.0,-999.0,-999.0,-999.0,-999.0,-999.0,-999.0,-999.0,-999.0,-999.0,59607.49,-999,-999.0,24.1,71.58
Cercocebus torquatus,オナガザル科,Cercocebus,7293.07,660.0,-999.0,26.85,168.98,-999.0,1704.55,434.35,1.01,360.0,-999.0,40.15,362869.59,1,-999.0,25.2,175.62
Cercopithecus albogularis,オナガザル科,Cercopithecus,-999.0,-999.0,-999.0,32.5,-999.0,-999.0,-999.0,-999.0,1.02,-999.0,0.13,-999.0,1057710.32,2,-999.0,22.7,71.4
Cercopithecus ascanius,オナガザル科,Cercopithecus,3540.24,444.99,371.0,26.3,148.5,146.54,1825.0,1580.45,1.01,339.6,0.16,105.79,3012180.23,2,-999.0,23.7,131.01
Cercopithecus campbelli,オナガザル科,Cercopithecus,3627.73,455.0,-999.0,11.0,180.8,362.93,-999.0,-999.0,1.02,396.0,0.01,-999.0,262404.57,1,-999.0,25.3,226.67
Cercopithecus cephus,オナガザル科,Cercopithecus,3444.88,520.0,337.19,11.0,169.51,362.93,1825.0,-999.0,1.01,276.0,0.24,21.04,898367.43,2,1.0,24.4,149.87
Cercopithecus denti,オナガザル科,Cercopithecus,-999.0,-999.0,-999.0,-999.0,-999.0,-999.0,-999.0,-999.0,1.02,-999.0,-999.0,-999.0,402606.02,-999,-999.0,23.1,140.12
Cercopithecus diana,オナガザル科,Cercopithecus,4358.91,470.0,466.9,24.95,-999.0,362.93,1961.87,365.0,1.01,447.6,1.25,16.47,177249.87,2,-999.0,24.8,237.57
Cercopithecus doggetti,オナガザル科,Cercopithecus,-999.0,-999.0,-999.0,-999.0,-999.0,-999.0,-999.0,-999.0,-999.0,-999.0,-999.0,-999.0,53746.06,-999,-999.0,18.8,93.38
Cercopithecus dryas,オナガザル科,Cercopithecus,2784.06,-999.0,-999.0,-999.0,-999.0,-999.0,-999.0,-999.0,1.02,-999.0,-999.0,-999.0,151925.19,-999,-999.0,24.9,161.66
Cercopithecus erythrogaster,オナガザル科,Cercopithecus,3444.88,457.49,-999.0,-999.0,-999.0,-999.0,-999.0,-999.0,1.02,-999.0,-999.0,-999.0,102343.83,2,1.0,26.3,137.0
Cercopithecus erythrotis,オナガザル科,Cercopithecus,3254.98,435.0,-999.0,-999.0,-999.0,-999.0,-999.0,-999.0,1.02,-999.0,-999.0,-999.0,87403.19,2,1.0,24.1,214.26
Cercopithecus hamlyni,オナガザル科,Cercopithecus,-999.0,-999.0,-999.0,-999.0,-999.0,-999.0,-999.0,-999.0,-999.0,-999.0,-999.0,-999.0,328372.58,-999,-999.0,22.6,126.88
Cercopithecus kandti,オナガザル科,Cercopithecus,-999.0,-999.0,-999.0,-999.0,-999.0,-999.0,-999.0,-999.0,-999.0,-999.0,-999.0,-999.0,18131.24,-999,-999.0,17.3,107.83
Cercopithecus lhoesti,オナガザル科,Cercopithecus,5307.47,510.0,-999.0,17.4,-999.0,-999.0,-999.0,485.45,1.0,192.0,-999.0,4.99,451166.22,2,-999.0,22.6,127.13
Cercopithecus lowei,オナガザル科,Cercopithecus,-999.0,-999.0,-999.0,-999.0,-999.0,-999.0,-999.0,-999.0,-999.0,-999.0,-999.0,-999.0,271410.7,-999,-999.0,26.1,127.52
Cercopithecus mitis,オナガザル科,Cercopithecus,5041.29,575.0,402.0,16.0,138.39,688.08,2087.8,565.75,1.0,325.2,0.1,70.39,2341818.13,2,-999.0,22.1,109.08
Cercopithecus mona,オナガザル科,Cercopithecus,3980.17,510.0,280.49,-999.0,-999.0,-999.0,-999.0,-999.0,1.0,360.0,-999.0,-999.0,652362.31,-999,-999.0,25.7,135.42
Cercopithecus neglectus,オナガザル科,Cercopithecus,5324.52,510.0,259.95,4.5,172.07,417.62,1704.55,584.0,1.02,315.6,0.06,29.03,2963266.5,2,2.0,24.1,138.29
Cercopithecus nictitans,オナガザル科,Cercopithecus,5256.91,549.99,403.83,16.0,169.51,-999.0,-999.0,-999.0,1.0,276.0,1.15,22.5,2185668.95,2,1.0,24.7,148.27
Cercopithecus petaurista,オナガザル科,Cercopithecus,3233.67,410.0,-999.0,14.0,-999.0,-999.0,-999.0,-999.0,1.02,228.0,-999.0,25.95,619437.28,-999,-999.0,25.9,167.77
Cercopithecus pogonias,オナガザル科,Cercopithecus,3578.27,459.99,337.19,15.0,169.51,-999.0,1825.0,-999.0,1.01,289.2,1.15,19.04,1592652.96,2,1.0,24.5,146.05
Cercopithecus preussi,オナガザル科,Cercopithecus,5132.57,545.0,-999.0,3.0,-999.0,-999.0,-999.0,-999.0,1.02,-999.0,-999.0,-999.0,60552.81,2,-999.0,24.5,234.82
Cercopithecus roloway,オナガザル科,Cercopithecus,-999.0,-999.0,-999.0,-999.0,-999.0,-999.0,-999.0,-999.0,-999.0,-999.0,-999.0,-999.0,136280.67,-999,-999.0,26.2,124.7
Cercopithecus sclateri,オナガザル科,Cercopithecus,3067.29,-999.0,-999.0,-999.0,-999.0,-999.0,-999.0,-999.0,1.02,-999.0,-999.0,-999.0,30025.23,-999,-999.0,26.0,193.22
Cercopithecus solatus,オナガザル科,Cercopithecus,5256.91,-999.0,-999.0,10.0,-999.0,-999.0,1733.75,547.5,1.01,-999.0,-999.0,-999.0,14715.81,-999,-999.0,24.8,173.49
Cercopithecus wolfi,オナガザル科,Cercopithecus,3255.18,480.0,435.0,-999.0,-999.0,-999.0,-999.0,-999.0,1.02,-999.0,-999.0,-999.0,1419828.69,-999,-999.0,24.0,141.83
Cheirogaleus adipicaudatus,コビトキツネザル科,Cheirogaleus,-999.0,-999.0,-999.0,-999.0,-999.0,-999.0,-999.0,-999.0,-999.0,-999.0,-999.0,-999.0,40707.46,-999,-999.0,22.0,73.64
Cheirogaleus crossleyi,コビトキツネザル科,Cheirogaleus,-999.0,-999.0,-999.0,-999.0,-999.0,-999.0,-999.0,-999.0,-999.0,-999.0,-999.0,-999.0,47826.13,-999,-999.0,18.8,180.87
Cheirogaleus major,コビトキツネザル科,Cheirogaleus,446.02,225.0,18.08,1.0,70.0,47.14,-999.0,-999.0,2.26,180.0,0.02,67.99,112950.33,2,1.0,20.3,167.63
Cheirogaleus medius,コビトキツネザル科,Cheirogaleus,196.76,225.0,14.65,1.0,61.79,60.65,472.67,365.0,2.04,231.6,0.02,221.44,122848.88,2,1.0,24.0,85.08
Cheirogaleus minusculus,コビトキツネザル科,Cheirogaleus,-999.0,-999.0,-999.0,-999.0,-999.0,-999.0,-999.0,-999.0,-999.0,-999.0,-999.0,-999.0,805.63,-999,-999.0,15.2,144.48
Cheirogaleus ravus,コビトキツネザル科,Cheirogaleus,-999.0,-999.0,-999.0,-999.0,-999.0,-999.0,-999.0,-999.0,-999.0,-999.0,-999.0,-999.0,2240.1,-999,-999.0,22.2,277.97
Cheirogaleus sibreei,コビトキツネザル科,Cheirogaleus,-999.0,-999.0,-999.0,-999.0,-999.0,-999.0,-999.0,-999.0,-999.0,-999.0,-999.0,-999.0,12712.93,-999,-999.0,16.9,154.45
Chiropotes albinasus,サキ科,Chiropotes,2793.21,440.0,-999.0,22.5,157.67,-999.0,-999.0,-999.0,1.01,204.0,1.98,6.57,660974.43,1,1.0,24.9,175.97
Chiropotes chiropotes,サキ科,Chiropotes,-999.0,-999.0,-999.0,-999.0,-999.0,-999.0,-999.0,-999.0,-999.0,-999.0,-999.0,-999.0,-999.0,-999,-999.0,-999.0,-999.0
Chiropotes israelita,サキ科,Chiropotes,-999.0,-999.0,-999.0,-999.0,-999.0,-999.0,-999.0,-999.0,-999.0,-999.0,-999.0,-999.0,-999.0,-999,-999.0,-999.0,-999.0
Chiropotes satanas,サキ科,Chiropotes,2967.27,416.26,-999.0,14.4,157.67,-999.0,-999.0,-999.0,1.0,216.0,1.48,15.6,-999.0,1,1.0,-999.0,-999.0
Chiropotes utahickae,サキ科,Chiropotes,-999.0,-999.0,-999.0,-999.0,-999.0,-999.0,-999.0,-999.0,-999.0,-999.0,-999.0,-999.0,-999.0,-999,-999.0,-999.0,-999.0
Chlorocebus aethiops,オナガザル科,Chlorocebus,3695.99,560.0,-999.0,-999.0,-999.0,217.76,1733.75,-999.0,-999.0,379.2,-999.0,-999.0,994897.54,-999,-999.0,21.7,70.92
Chlorocebus cynosuros,オナガザル科,Chlorocebus,-999.0,-999.0,-999.0,-999.0,-999.0,-999.0,-999.0,-999.0,-999.0,-999.0,-999.0,-999.0,2692165.36,-999,-999.0,22.3,101.93
Chlorocebus djamdjamensis,オナガザル科,Chlorocebus,-999.0,-999.0,-999.0,-999.0,-999.0,-999.0,-999.0,-999.0,-999.0,-999.0,-999.0,-999.0,9779.34,-999,-999.0,8.0,65.37
Chlorocebus pygerythrus,オナガザル科,Chlorocebus,-999.0,-999.0,-999.0,-999.0,-999.0,-999.0,-999.0,-999.0,-999.0,-999.0,-999.0,-999.0,5187827.21,-999,-999.0,21.8,65.48
Chlorocebus sabaeus,オナガザル科,Chlorocebus,-999.0,-999.0,-999.0,-999.0,-999.0,-999.0,-999.0,-999.0,-999.0,-999.0,-999.0,-999.0,1390955.98,-999,-999.0,27.0,108.99
Chlorocebus tantalus,オナガザル科,Chlorocebus,-999.0,-999.0,-999.0,-999.0,-999.0,-999.0,-999.0,-999.0,-999.0,-999.0,-999.0,-999.0,4097933.56,-999,-999.0,25.4,95.1
Colobus angolensis,オナガザル科,Colobus,8990.31,564.99,-999.0,10.9,-999.0,-999.0,-999.0,-999.0,1.01,-999.0,-999.0,-999.0,3019802.04,1,-999.0,23.3,122.91
Colobus guereza,オナガザル科,Colobus,9925.88,625.0,444.92,7.6,169.02,387.79,1916.25,486.66,1.0,294.0,0.17,99.2,3994317.48,1,1.0,23.2,108.92
Colobus polykomos,オナガザル科,Colobus,8797.29,625.0,489.89,10.2,172.69,213.78,3102.5,442.41,1.0,366.0,0.14,23.5,526083.9,1,-999.0,25.7,180.76
Colobus satanas,オナガザル科,Colobus,9055.32,629.68,-999.0,15.5,192.76,-999.0,-999.0,-999.0,0.99,-999.0,0.44,26.57,353215.29,1,1.0,24.1,165.46
Colobus vellerosus,オナガザル科,Colobus,7700.18,635.0,-999.0,16.0,-999.0,-999.0,-999.0,-999.0,1.02,-999.0,0.29,-999.0,502614.85,-999,-999.0,26.8,106.72
Daubentonia madagascariensis,アイアイ科,Daubentonia,2731.37,400.0,121.79,1.0,166.48,197.7,1277.5,760.41,1.01,291.6,0.06,39.79,141979.73,2,2.0,21.7,149.13
Erythrocebus patas,オナガザル科,Erythrocebus,7966.3,665.0,621.67,28.0,167.2,211.79,1079.79,365.0,1.01,286.8,28.24,0.26,6948334.33,2,-999.0,26.4,73.39
Eulemur albifrons,キツネザル科,Eulemur,-999.0,-999.0,-999.0,-999.0,-999.0,-999.0,-999.0,-999.0,-999.0,-999.0,-999.0,-999.0,35602.37,-999,-999.0,20.2,168.69
Eulemur albocollaris,キツネザル科,Eulemur,2397.37,-999.0,-999.0,-999.0,-999.0,-999.0,-999.0,-999.0,-999.0,-999.0,-999.0,-999.0,1864.78,-999,-999.0,21.7,187.78
Eulemur cinereiceps,キツネザル科,Eulemur,-999.0,-999.0,-999.0,-999.0,-999.0,-999.0,-999.0,-999.0,-999.0,-999.0,-999.0,-999.0,103.56,-999,-999.0,24.1,114.0
Eulemur collaris,キツネザル科,Eulemur,-999.0,-999.0,-999.0,-999.0,-999.0,-999.0,-999.0,-999.0,-999.0,-999.0,-999.0,-999.0,12809.32,-999,-999.0,20.2,155.37
Eulemur coronatus,キツネザル科,Eulemur,1699.85,352.27,57.81,6.95,124.04,-999.0,-999.0,-999.0,1.53,220.8,0.05,101.98,5720.16,2,2.0,23.8,105.09
Eulemur fulvus,キツネザル科,Eulemur,2376.99,469.62,74.99,9.15,120.83,134.64,970.9,547.5,1.1,444.0,0.05,221.0,25656.44,1,1.0,21.4,156.13
Eulemur macaco,キツネザル科,Eulemur,2470.43,397.11,60.5,9.2,127.49,143.28,868.7,365.0,1.04,360.0,0.03,53.85,8406.83,2,1.0,22.3,134.19
Eulemur mongoz,キツネザル科,Eulemur,1771.13,354.85,59.48,2.7,129.0,151.13,916.15,-999.0,1.11,360.0,0.05,346.7,7006.3,2,1.0,26.2,125.88
Eulemur rubriventer,キツネザル科,Eulemur,2015.4,404.72,84.97,3.3,126.99,151.22,-999.0,-999.0,1.01,-999.0,0.13,30.0,56908.42,2,1.0,19.4,178.11
Eulemur rufus,キツネザル科,Eulemur,2394.62,457.01,-999.0,9.5,-999.0,-999.0,-999.0,-999.0,-999.0,-999.0,-999.0,-999.0,71558.47,-999,-999.0,22.8,106.88
Eulemur sanfordi,キツネザル科,Eulemur,2394.03,-999.0,-999.0,7.7,-999.0,-999.0,-999.0,-999.0,-999.0,-999.0,-999.0,-999.0,4197.82,-999,-999.0,25.2,101.31
Euoticus elegantulus,ガラゴ科,Euoticus,295.48,300.0,-999.0,1.0,133.45,-999.0,-999.0,-999.0,0.99,180.0,-999.0,16.47,901808.78,2,-999.0,24.4,149.71
Euoticus pallidus,ガラゴ科,Euoticus,277.37,-999.0,-999.0,-999.0,-999.0,-999.0,-999.0,-999.0,-999.0,-999.0,-999.0,-999.0,117645.33,-999,-999.0,24.2,192.29
Galago alleni,ガラゴ科,Galago,266.03,200.0,23.93,6.0,133.0,-999.0,341.27,365.0,1.29,144.0,0.18,16.47,1953.16,1,2.0,-999.0,-999.0
Galago cameronensis,ガラゴ科,Galago,-999.0,-999.0,-999.0,-999.0,-999.0,-999.0,-999.0,-999.0,-999.0,-999.0,-999.0,-999.0,107495.03,-999,-999.0,24.9,214.64
Galago demidoff,ガラゴ科,Galago,66.04,120.0,9.89,5.5,111.0,43.47,359.52,365.0,1.29,168.0,0.01,57.57,4292912.28,2,-999.0,24.4,140.43
Galago gabonensis,ガラゴ科,Galago,-999.0,-999.0,-999.0,-999.0,-999.0,-999.0,-999.0,-999.0,-999.0,-999.0,-999.0,-999.0,465080.61,-999,-999.0,24.3,157.01
Galago gallarum,ガラゴ科,Galago,250.0,-999.0,-999.0,-999.0,-999.0,-999.0,-999.0,-999.0,-999.0,-999.0,-999.0,-999.0,798526.55,-999,-999.0,23.8,42.54
Galago granti,ガラゴ科,Galago,-999.0,-999.0,-999.0,-999.0,-999.0,-999.0,-999.0,-999.0,-999.0,-999.0,-999.0,-999.0,586401.64,-999,-999.0,24.0,88.48
Galago matschiei,ガラゴ科,Galago,211.61,160.0,-999.0,1.0,-999.0,-999.0,-999.0,-999.0,0.99,-999.0,-999.0,-999.0,184700.23,-999,-999.0,21.5,116.5
Galago moholi,ガラゴ科,Galago,191.96,-999.0,11.73,1.0,122.29,90.46,259.15,182.5,1.6,198.0,0.04,172.04,5183682.21,1,-999.0,21.7,80.12
Galago nyasae,ガラゴ科,Galago,-999.0,-999.0,-999.0,-999.0,-999.0,-999.0,-999.0,-999.0,-999.0,-999.0,-999.0,-999.0,74222.64,-999,-999.0,23.3,85.56
Galago orinus,ガラゴ科,Galago,-999.0,-999.0,-999.0,-999.0,-999.0,-999.0,-999.0,-999.0,-999.0,-999.0,-999.0,-999.0,69256.66,-999,-999.0,22.7,71.04
Galago rondoensis,ガラゴ科,Galago,-999.0,-999.0,-999.0,-999.0,-999.0,-999.0,-999.0,-999.0,-999.0,-999.0,-999.0,-999.0,11924.95,-999,-999.0,25.0,78.44
Galago senegalensis,ガラゴ科,Galago,215.2,160.0,11.5,3.5,126.98,93.93,511.0,219.0,1.5,204.0,0.08,89.77,8867497.32,2,-999.0,25.0,80.08
Galago thomasi,ガラゴ科,Galago,117.35,-999.0,-999.0,1.0,-999.0,-999.0,-999.0,-999.0,-999.0,-999.0,-999.0,-999.0,4366268.46,-999,-999.0,24.0,139.93
Galago zanzibaricus,ガラゴ科,Galago,147.35,-999.0,14.5,1.0,120.0,59.27,365.0,182.5,1.29,-999.0,0.01,169.0,1375379.35,2,-999.0,24.0,76.0
Gorilla beringei,ヒト科,Gorilla,149325.19,-999.0,-999.0,-999.0,-999.0,-999.0,-999.0,-999.0,-999.0,-999.0,-999.0,-999.0,107960.27,-999,-999.0,20.6,122.55
Gorilla gorilla,ヒト科,Gorilla,112588.99,1594.44,2095.89,6.0,257.0,920.35,3650.0,1430.8,1.05,648.0,4.03,0.59,625702.71,2,1.0,24.2,152.88
Hapalemur alaotrensis,キツネザル科,Hapalemur,1616.83,-999.0,-999.0,-999.0,-999.0,-999.0,-999.0,-999.0,-999.0,-999.0,-999.0,-999.0,214.53,-999,-999.0,19.2,207.35
Hapalemur aureus,キツネザル科,Hapalemur,1562.41,305.08,-999.0,3.0,142.5,-999.0,-999.0,365.0,1.01,-999.0,0.21,-999.0,9313.01,1,2.0,18.5,165.45
Hapalemur griseus,キツネザル科,Hapalemur,916.0,335.0,45.2,3.1,141.24,136.29,996.45,334.58,1.5,205.2,0.01,62.0,89049.73,1,3.0,19.7,177.28
Hapalemur occidentalis,キツネザル科,Hapalemur,-999.0,-999.0,-999.0,-999.0,-999.0,-999.0,-999.0,-999.0,-999.0,-999.0,-999.0,-999.0,20361.36,-999,-999.0,23.8,117.41
Homo sapiens,ヒト科,Homo,58540.63,-999.0,3182.96,-999.0,274.78,725.86,5292.5,958.12,1.0,1470.0,-999.0,-999.0,-999.0,-999,-999.0,-999.0,-999.0
Hylobates agilis,テナガザル科,Hylobates,5829.08,544.0,-999.0,4.2,-999.0,-999.0,-999.0,-999.0,1.02,528.0,0.19,11.73,140009.66,2,-999.0,25.4,239.8
Hylobates albibarbis,テナガザル科,Hylobates,-999.0,-999.0,-999.0,-999.0,-999.0,-999.0,-999.0,-999.0,-999.0,-999.0,-999.0,-999.0,159603.65,-999,-999.0,25.9,243.75
Hylobates klossii,テナガザル科,Hylobates,5822.29,512.79,-999.0,3.0,207.59,-999.0,-999.0,-999.0,1.01,-999.0,0.14,16.62,6044.85,2,1.0,25.9,340.0
Hylobates lar,テナガザル科,Hylobates,5578.61,545.0,398.86,3.2,212.91,725.86,3398.15,983.67,1.01,480.0,0.32,6.6,425651.78,2,-999.0,23.0,172.74
Hylobates moloch,テナガザル科,Hylobates,5860.81,675.6,-999.0,2.15,241.2,-999.0,-999.0,730.0,1.0,-999.0,0.12,6.18,20157.87,2,-999.0,23.8,211.91
Hylobates muelleri,テナガザル科,Hylobates,5909.81,545.0,-999.0,3.2,206.7,-999.0,-999.0,1095.0,1.02,-999.0,0.26,10.2,511224.13,2,-999.0,24.0,266.53
Hylobates pileatus,テナガザル科,Hylobates,5542.37,542.49,-999.0,3.25,200.16,635.13,-999.0,-999.0,1.0,432.0,0.23,23.7,140831.03,2,1.0,26.0,157.6
Indri indri,インドリ科,Indri,8565.48,734.99,-999.0,3.1,136.5,331.34,-999.0,912.5,1.01,-999.0,0.12,10.62,39504.84,1,1.0,20.0,187.11
Lagothrix cana,クモザル科,Lagothrix,-999.0,-999.0,-999.0,-999.0,-999.0,-999.0,-999.0,-999.0,-999.0,-999.0,-999.0,-999.0,1686027.51,-999,-999.0,24.3,174.31
Lagothrix lagotricha,クモザル科,Lagothrix,6263.69,536.39,437.09,33.0,223.99,312.66,2766.7,638.75,1.01,360.0,2.82,10.72,797455.26,2,1.0,25.8,226.56
Lagothrix lugens,クモザル科,Lagothrix,-999.0,-999.0,-999.0,-999.0,-999.0,-999.0,-999.0,-999.0,-999.0,-999.0,-999.0,-999.0,129980.9,-999,-999.0,20.6,117.3
Lagothrix poeppigii,クモザル科,Lagothrix,-999.0,-999.0,-999.0,-999.0,-999.0,-999.0,-999.0,-999.0,-999.0,-999.0,-999.0,-999.0,667396.02,-999,-999.0,25.3,212.67
Lemur catta,キツネザル科,Lemur,2626.48,425.0,75.8,16.45,134.74,126.51,866.87,468.41,1.18,360.0,0.05,215.0,61778.7,2,2.0,23.0,62.94
Leontopithecus caissara,オマキザル科,Leontopithecus,604.01,-999.0,-999.0,1.0,-999.0,-999.0,-999.0,-999.0,-999.0,-999.0,-999.0,-999.0,3822.49,-999,1.0,16.4,148.79
Leontopithecus chrysomelas,オマキザル科,Leontopithecus,572.8,-999.0,-999.0,6.7,-999.0,-999.0,-999.0,-999.0,2.04,-999.0,0.24,8.76,33921.69,-999,1.0,22.4,153.12
Leontopithecus chrysopygus,オマキザル科,Leontopithecus,656.12,-999.0,-999.0,3.6,-999.0,-999.0,-999.0,-999.0,-999.0,-999.0,0.83,-999.0,50004.81,2,1.0,21.9,127.26
Leontopithecus rosalia,オマキザル科,Leontopithecus,592.52,260.22,51.89,4.5,134.0,75.69,868.7,182.5,1.94,297.6,0.26,4.07,22874.24,2,1.0,20.6,128.32
Lepilemur ankaranensis,イタチキツネザル科,Lepilemur,-999.0,-999.0,-999.0,-999.0,-999.0,-999.0,-999.0,-999.0,-999.0,-999.0,-999.0,-999.0,3823.56,-999,-999.0,25.2,101.31
Lepilemur dorsalis,イタチキツネザル科,Lepilemur,503.85,255.0,-999.0,1.0,-999.0,-999.0,-999.0,-999.0,1.01,-999.0,-999.0,-999.0,9532.94,1,1.0,20.2,133.28
Lepilemur edwardsi,イタチキツネザル科,Lepilemur,821.58,-999.0,-999.0,1.0,-999.0,-999.0,-999.0,-999.0,-999.0,-999.0,0.008338038,70.98,23515.8,2,1.0,25.5,114.2
Lepilemur leucopus,イタチキツネザル科,Lepilemur,599.99,-999.0,-999.0,1.0,135.92,121.66,-999.0,-999.0,1.01,103.0,0.001998666,504.99,22985.68,1,1.0,23.1,56.82
Lepilemur microdon,イタチキツネザル科,Lepilemur,952.33,324.99,-999.0,1.0,-999.0,-999.0,-999.0,-999.0,-999.0,-999.0,-999.0,36.05,52152.56,2,1.0,19.7,183.0
Lepilemur mustelinus,イタチキツネザル科,Lepilemur,669.03,-999.0,27.0,1.0,133.45,76.21,677.07,-999.0,1.0,144.0,0.002734203,255.1,41461.51,1,1.0,19.9,173.61
Lepilemur ruficaudatus,イタチキツネザル科,Lepilemur,763.36,-999.0,-999.0,1.0,135.92,119.32,594.95,-999.0,1.02,-999.0,-999.0,260.0,35030.08,1,1.0,23.9,57.89
Lepilemur septentrionalis,イタチキツネザル科,Lepilemur,755.77,280.0,-999.0,1.0,134.99,120.97,-999.0,-999.0,1.0,-999.0,0.007059681,154.26,-999.0,1,1.0,-999.0,-999.0
Lophocebus albigena,オナガザル科,Lophocebus,7418.71,521.55,498.58,16.0,182.64,211.71,1474.6,770.15,1.01,392.4,1.98,14.86,2003865.93,2,1.0,23.8,141.68
Lophocebus aterrimus,オナガザル科,Lophocebus,6510.37,510.0,-999.0,17.5,-999.0,-999.0,-999.0,-999.0,-999.0,321.6,0.34,-999.0,535514.76,-999,-999.0,25.1,157.81
Lophocebus opdenboschi,オナガザル科,Lophocebus,-999.0,-999.0,-999.0,-999.0,-999.0,-999.0,-999.0,-999.0,-999.0,-999.0,-999.0,-999.0,112366.23,-999,-999.0,24.3,133.26
Loris lydekkerianus,ロリス科,Loris,254.06,-999.0,-999.0,-999.0,-999.0,-999.0,-999.0,-999.0,-999.0,-999.0,-999.0,-999.0,481306.48,-999,-999.0,26.4,112.22
Loris tardigradus,ロリス科,Loris,249.22,224.49,11.0,1.0,165.99,167.49,547.5,182.5,1.44,196.8,0.007059681,72.29,9633.79,2,1.0,25.2,147.27
Macaca arctoides,オナガザル科,Macaca,9358.04,599.99,488.99,-999.0,176.6,377.66,1551.25,544.6,1.01,360.0,-999.0,-999.0,1236024.14,1,-999.0,19.6,164.32
Macaca assamensis,オナガザル科,Macaca,8546.89,605.0,-999.0,21.0,-999.0,-999.0,-999.0,-999.0,-999.0,-999.0,-999.0,-999.0,1383530.1,-999,-999.0,14.2,147.56
Macaca cyclopis,オナガザル科,Macaca,5748.94,560.0,399.86,20.2,161.06,205.24,-999.0,462.33,1.0,-999.0,-999.0,-999.0,12815.11,-999,-999.0,13.0,161.86
Macaca fascicularis,オナガザル科,Macaca,4569.32,515.0,328.76,27.0,164.69,283.53,1410.72,398.45,1.0,456.0,0.46,49.99,2197587.41,2,-999.0,24.9,219.05
Macaca fuscata,オナガザル科,Macaca,10114.76,826.71,501.57,40.65,172.99,265.04,1879.75,486.66,1.02,396.0,1.43,30.19,177385.93,2,2.0,10.2,147.66
Macaca hecki,オナガザル科,Macaca,-999.0,-999.0,-999.0,-999.0,-999.0,-999.0,-999.0,-999.0,-999.0,-999.0,-999.0,-999.0,21888.19,-999,-999.0,21.9,221.77
Macaca leonina,オナガザル科,Macaca,-999.0,-999.0,-999.0,-999.0,-999.0,-999.0,-999.0,-999.0,-999.0,-999.0,-999.0,-999.0,731087.52,-999,-999.0,23.0,168.16
Macaca maura,オナガザル科,Macaca,7290.3,660.0,388.46,-999.0,167.19,497.16,1825.0,669.16,1.01,-999.0,-999.0,20.0,13648.67,-999,-999.0,23.8,231.33
Macaca mulatta,オナガザル科,Macaca,6455.19,555.0,471.47,38.5,166.07,304.16,1460.0,385.5,1.01,432.0,5.91,11.1,6566547.23,1,-999.0,16.9,117.36
Macaca nemestrina,オナガザル科,Macaca,7820.78,535.0,472.92,22.6,171.0,292.6,1430.8,405.07,1.01,411.6,1.75,18.92,1033482.91,1,-999.0,24.7,244.98
Macaca nigra,オナガザル科,Macaca,7359.39,549.99,457.77,35.0,172.43,365.0,1996.55,540.2,1.01,216.0,-999.0,55.63,13015.44,1,-999.0,22.5,230.8
Macaca nigrescens,オナガザル科,Macaca,-999.0,-999.0,-999.0,14.5,-999.0,-999.0,-999.0,-999.0,-999.0,-999.0,-999.0,-999.0,7280.48,-999,-999.0,22.7,231.2
Macaca ochreata,オナガザル科,Macaca,2745.5,-999.0,-999.0,-999.0,-999.0,-999.0,-999.0,-999.0,-999.0,-999.0,-999.0,15.0,19033.57,-999,-999.0,23.8,244.11
Macaca pagensis,オナガザル科,Macaca,4534.66,450.0,-999.0,-999.0,-999.0,272.2,-999.0,-999.0,1.0,360.0,-999.0,-999.0,2155.21,2,1.0,-999.0,-999.0
Macaca radiata,オナガザル科,Macaca,4999.99,475.0,367.52,33.5,161.56,332.25,1460.0,365.0,1.01,360.0,0.88,8.3,679816.3,-999,-999.0,26.5,93.74
Macaca siberu,オナガザル科,Macaca,-999.0,-999.0,-999.0,-999.0,-999.0,-999.0,-999.0,-999.0,-999.0,-999.0,-999.0,-999.0,3889.63,-999,-999.0,25.9,340.0
Macaca silenus,オナガザル科,Macaca,5995.25,547.35,416.11,21.0,172.0,362.93,1795.8,510.39,1.01,480.0,0.88,1.01,56995.19,2,3.0,25.3,88.07
Macaca sinica,オナガザル科,Macaca,4655.99,480.0,-999.0,20.1,180.9,-999.0,-999.0,547.5,1.01,420.0,0.4,30.0,66626.48,1,-999.0,25.8,141.67
Macaca sylvanus,オナガザル科,Macaca,11471.53,549.99,449.85,18.3,164.84,210.25,1746.52,431.71,1.02,264.0,2.63,12.5,95331.43,2,2.0,14.8,45.93
Macaca thibetana,オナガザル科,Macaca,10593.06,599.99,499.99,21.0,169.02,451.79,-999.0,730.0,1.01,-999.0,-999.0,-999.0,1232955.48,-999,-999.0,13.0,119.8
Macaca tonkeana,オナガザル科,Macaca,10035.53,599.99,-999.0,-999.0,-999.0,-999.0,-999.0,-999.0,-999.0,-999.0,-999.0,10.0,81338.19,-999,-999.0,20.4,222.91
Mandrillus leucophaeus,オナガザル科,Mandrillus,14253.3,700.0,718.15,17.0,179.22,486.66,1825.0,513.43,1.01,400.8,-999.0,-999.0,106294.34,2,1.0,24.3,203.29
Mandrillus sphinx,オナガザル科,Mandrillus,16685.06,758.94,612.89,13.9,173.99,348.01,1460.0,521.64,1.02,555.96,26.34,21.4,287896.72,2,2.0,24.4,161.18
Microcebus berthae,コビトキツネザル科,Microcebus,33.45,-999.0,-999.0,-999.0,-999.0,-999.0,-999.0,-999.0,-999.0,-999.0,-999.0,-999.0,236.07,-999,-999.0,24.8,78.01
Microcebus griseorufus,コビトキツネザル科,Microcebus,70.24,-999.0,-999.0,-999.0,-999.0,-999.0,-999.0,-999.0,-999.0,-999.0,-999.0,-999.0,17072.63,-999,-999.0,23.9,49.9
Microcebus murinus,コビトキツネザル科,Microcebus,69.0,143.61,4.78,1.0,60.34,40.45,380.2,365.0,2.0,186.0,0.01,461.0,122051.83,2,1.0,24.1,85.12
Microcebus myoxinus,コビトキツネザル科,Microcebus,31.23,141.42,-999.0,1.0,59.99,-999.0,-999.0,-999.0,2.0,-999.0,-999.0,-999.0,2721.78,2,1.0,24.8,82.26
Microcebus ravelobensis,コビトキツネザル科,Microcebus,58.6,-999.0,-999.0,-999.0,-999.0,-999.0,-999.0,-999.0,-999.0,-999.0,-999.0,-999.0,1362.43,-999,-999.0,26.7,129.99
Microcebus rufus,コビトキツネザル科,Microcebus,48.39,143.61,6.5,1.0,59.99,40.0,-999.0,-999.0,2.52,144.0,0.01,167.8,105086.84,2,1.0,20.0,171.44
Microcebus sambiranensis,コビトキツネザル科,Microcebus,49.06,-999.0,-999.0,-999.0,-999.0,-999.0,-999.0,-999.0,-999.0,-999.0,-999.0,-999.0,134.75,-999,-999.0,23.4,146.5
Microcebus tavaratra,コビトキツネザル科,Microcebus,68.01,-999.0,-999.0,-999.0,-999.0,-999.0,-999.0,-999.0,-999.0,-999.0,-999.0,-999.0,198.5,-999,-999.0,24.7,105.98
Miopithecus ogouensis,オナガザル科,Miopithecus,-999.0,-999.0,-999.0,-999.0,-999.0,-999.0,-999.0,-999.0,-999.0,-999.0,-999.0,-999.0,446721.33,-999,-999.0,24.3,160.61
Miopithecus talapoin,オナガザル科,Miopithecus,1248.86,354.99,179.04,91.2,164.38,178.98,1598.7,365.0,1.01,370.8,0.8,42.07,258766.21,2,1.0,23.2,104.31
Mirza coquereli,コビトキツネザル科,Mirza,326.5,231.84,12.92,1.0,88.58,136.0,532.9,365.0,1.71,183.6,0.03,107.17,58761.86,2,1.0,23.9,92.48
Nasalis larvatus,オナガザル科,Nasalis,12265.65,647.49,450.0,11.25,165.04,211.75,1642.5,547.5,1.02,252.0,1.4,8.99,574819.55,1,2.0,25.0,257.08
Nomascus concolor,テナガザル科,Nomascus,6410.47,545.0,-999.0,4.0,205.81,635.13,3285.0,821.25,1.01,529.2,1.05,6.17,191956.23,2,1.0,17.3,119.62
Nomascus gabriellae,テナガザル科,Nomascus,-999.0,-999.0,-999.0,1.0,-999.0,-999.0,-999.0,-999.0,-999.0,-999.0,-999.0,-999.0,88851.07,-999,-999.0,24.9,142.76
Nomascus hainanus,テナガザル科,Nomascus,-999.0,-999.0,-999.0,-999.0,-999.0,-999.0,-999.0,-999.0,-999.0,-999.0,-999.0,-999.0,15875.47,-999,-999.0,21.8,117.65
Nomascus leucogenys,テナガザル科,Nomascus,7320.0,545.0,497.33,1.0,-999.0,-999.0,-999.0,-999.0,-999.0,-999.0,-999.0,-999.0,194572.77,-999,-999.0,19.1,123.41
Nomascus siki,テナガザル科,Nomascus,-999.0,-999.0,-999.0,-999.0,-999.0,-999.0,-999.0,-999.0,-999.0,-999.0,-999.0,-999.0,83883.77,-999,-999.0,22.7,196.94
Nycticebus bengalensis,ロリス科,Nycticebus,1137.36,-999.0,-999.0,-999.0,-999.0,-999.0,-999.0,-999.0,-999.0,-999.0,-999.0,-999.0,1941260.0,-999,-999.0,23.3,164.24
Nycticebus coucang,ロリス科,Nycticebus,924.55,300.0,50.47,1.0,191.09,181.21,932.57,365.0,1.12,318.0,-999.0,20.0,1504921.1,2,1.0,24.9,237.29
Nycticebus pygmaeus,ロリス科,Nycticebus,342.32,-999.0,19.89,1.0,185.42,-999.0,-999.0,-999.0,1.75,-999.0,-999.0,-999.0,262116.82,-999,-999.0,21.1,149.9
Oreonax flavicauda,クモザル科,Oreonax,8229.12,550.38,-999.0,9.1,225.0,-999.0,-999.0,-999.0,1.0,-999.0,-999.0,6.46,33168.59,1,2.0,16.5,127.89
Otolemur crassicaudatus,ガラゴ科,Otolemur,1206.61,307.0,46.57,3.5,131.04,124.62,799.35,365.0,1.14,225.6,0.06,87.99,4121059.44,2,-999.0,22.0,87.09
Otolemur garnettii,ガラゴ科,Otolemur,811.17,-999.0,49.21,1.0,132.24,139.2,576.7,215.95,1.02,204.0,0.12,38.0,781284.4,2,-999.0,23.6,67.92
Otolemur monteiri,ガラゴ科,Otolemur,1577.16,-999.0,-999.0,-999.0,-999.0,-999.0,-999.0,-999.0,2.1,-999.0,-999.0,-999.0,2353122.58,-999,-999.0,21.6,98.75
Pan paniscus,ヒト科,Pan,35119.95,753.43,1399.53,85.0,235.24,1081.31,-999.0,1715.5,1.01,576.0,27.93,2.0,412936.11,2,2.0,25.0,161.12
Pan troglodytes,ヒト科,Pan,45000.0,796.09,1745.02,50.0,231.49,1260.81,5073.5,1825.0,1.05,720.0,10.85,1.63,1898947.6,2,2.0,24.2,149.72
Papio anubis,オナガザル科,Papio,17728.56,-999.0,947.31,40.0,178.96,596.6,1642.5,752.81,1.01,302.4,4.83,10.8,5597000.95,-999,-999.0,24.3,98.24
Papio cynocephalus,オナガザル科,Papio,15822.15,-999.0,709.88,48.2,172.99,450.42,2007.5,669.16,1.01,540.0,14.95,5.86,3953480.36,1,-999.0,23.0,86.42
Papio hamadryas,オナガザル科,Papio,14007.08,675.0,890.0,36.9,180.0,363.96,1919.9,608.33,1.01,450.0,17.37,2.1,639689.34,1,-999.0,21.6,45.94
Papio papio,オナガザル科,Papio,18026.05,-999.0,600.38,-999.0,184.42,-999.0,-999.0,423.4,1.01,480.0,-999.0,11.07,205349.12,-999,-999.0,26.3,170.11
Papio ursinus,オナガザル科,Papio,17729.44,-999.0,599.99,47.0,185.92,877.09,1339.55,882.08,1.01,540.0,9.12,2.77,2566298.35,1,-999.0,18.5,41.9
Perodicticus potto,ロリス科,Perodicticus,1081.81,320.0,37.16,1.0,193.0,149.15,750.07,354.05,1.09,312.0,0.11,8.47,4965957.99,2,1.0,24.4,139.0
Phaner electromontis,コビトキツネザル科,Phaner,-999.0,-999.0,-999.0,-999.0,-999.0,-999.0,-999.0,-999.0,-999.0,-999.0,-999.0,-999.0,2890.84,-999,-999.0,25.4,98.77
Phaner furcifer,コビトキツネザル科,Phaner,409.87,261.24,-999.0,1.0,174.46,-999.0,-999.0,-999.0,1.01,144.0,0.02,500.24,6525.13,2,1.0,22.3,176.31
Phaner pallescens,コビトキツネザル科,Phaner,-999.0,-999.0,-999.0,-999.0,-999.0,-999.0,-999.0,-999.0,-999.0,-999.0,-999.0,-999.0,43081.65,-999,-999.0,24.4,83.91
Phaner parienti,コビトキツネザル科,Phaner,-999.0,-999.0,-999.0,-999.0,-999.0,-999.0,-999.0,-999.0,-999.0,-999.0,-999.0,-999.0,7212.36,-999,-999.0,20.8,140.0
Piliocolobus badius,オナガザル科,Piliocolobus,8430.4,574.45,-999.0,34.0,151.41,783.93,1489.2,660.65,1.0,-999.0,0.42,130.65,590235.33,2,1.0,26.1,161.46
Piliocolobus foai,オナガザル科,Piliocolobus,-999.0,-999.0,-999.0,-999.0,-999.0,-999.0,-999.0,-999.0,-999.0,-999.0,-999.0,-999.0,1382696.63,-999,-999.0,23.1,129.19
Piliocolobus gordonorum,オナガザル科,Piliocolobus,-999.0,-999.0,-999.0,-999.0,-999.0,-999.0,-999.0,-999.0,-999.0,-999.0,-999.0,-999.0,28144.75,-999,-999.0,23.4,73.76
Piliocolobus kirkii,オナガザル科,Piliocolobus,7158.29,574.45,-999.0,33.6,165.0,-999.0,-999.0,-999.0,1.01,-999.0,0.42,-999.0,1573.03,1,1.0,-999.0,-999.0
Piliocolobus pennantii,オナガザル科,Piliocolobus,10896.0,-999.0,-999.0,-999.0,-999.0,-999.0,-999.0,-999.0,1.02,-999.0,-999.0,-999.0,34938.83,-999,-999.0,25.4,159.81
Piliocolobus preussi,オナガザル科,Piliocolobus,8865.71,579.65,-999.0,40.0,195.0,-999.0,-999.0,-999.0,1.01,-999.0,0.39,-999.0,62033.7,1,2.0,24.2,227.62
Piliocolobus rufomitratus,オナガザル科,Piliocolobus,8030.75,560.0,-999.0,24.5,195.0,-999.0,-999.0,-999.0,1.01,-999.0,0.05,186.44,26952.75,1,1.0,26.8,61.11
Piliocolobus tephrosceles,オナガザル科,Piliocolobus,-999.0,-999.0,-999.0,34.0,-999.0,-999.0,-999.0,-999.0,-999.0,-999.0,3.93,300.0,125129.72,-999,-999.0,20.6,98.87
Piliocolobus tholloni,オナガザル科,Piliocolobus,-999.0,570.0,-999.0,-999.0,-999.0,-999.0,-999.0,-999.0,-999.0,-999.0,-999.0,-999.0,465214.49,-999,-999.0,25.2,159.66
Pithecia aequatorialis,サキ科,Pithecia,2375.91,-999.0,-999.0,-999.0,-999.0,-999.0,-999.0,-999.0,-999.0,178.8,-999.0,-999.0,113679.06,1,1.0,27.1,263.1
Pithecia albicans,サキ科,Pithecia,2800.07,394.27,-999.0,4.6,-999.0,-999.0,-999.0,-999.0,-999.0,-999.0,-999.0,9.39,80794.37,-999,-999.0,26.3,176.07
Pithecia irrorata,サキ科,Pithecia,2308.17,399.39,-999.0,4.4,-999.0,-999.0,-999.0,-999.0,-999.0,-999.0,-999.0,11.3,1135691.52,-999,-999.0,25.0,176.67
Pithecia monachus,サキ科,Pithecia,2109.55,411.8,119.85,2.5,-999.0,-999.0,-999.0,-999.0,1.02,295.2,-999.0,8.0,2272018.67,2,1.0,25.5,193.57
Pithecia pithecia,サキ科,Pithecia,1667.19,346.44,-999.0,2.7,161.13,113.15,759.2,448.03,1.01,248.4,0.04,4.19,1037797.75,1,1.0,25.4,156.99
Pongo abelii,ヒト科,Pongo,39696.12,-999.0,-999.0,-999.0,-999.0,-999.0,-999.0,-999.0,-999.0,-999.0,-999.0,-999.0,16756.21,-999,-999.0,22.4,140.16
Pongo pygmaeus,ヒト科,Pongo,53408.29,890.0,1644.2,1.0,259.42,1088.8,3591.6,2007.5,1.07,720.0,3.88,2.0,245264.03,2,2.0,23.8,258.7
Presbytis chrysomelas,オナガザル科,Presbytis,-999.0,-999.0,-999.0,-999.0,-999.0,-999.0,-999.0,-999.0,-999.0,-999.0,-999.0,-999.0,74224.44,-999,-999.0,24.2,284.35
Presbytis comata,オナガザル科,Presbytis,6550.07,510.0,-999.0,7.05,-999.0,-999.0,-999.0,-999.0,1.01,-999.0,0.13,25.68,42000.55,1,1.0,24.4,217.85
Presbytis femoralis,オナガザル科,Presbytis,7026.91,515.0,-999.0,-999.0,-999.0,-999.0,-999.0,-999.0,-999.0,-999.0,0.07,-999.0,154945.76,-999,-999.0,25.8,202.31
Presbytis frontata,オナガザル科,Presbytis,6096.6,510.0,-999.0,-999.0,-999.0,-999.0,-999.0,-999.0,-999.0,-999.0,-999.0,-999.0,203400.02,-999,-999.0,24.1,249.94
Presbytis hosei,オナガザル科,Presbytis,6277.78,-999.0,-999.0,7.0,-999.0,-999.0,-999.0,-999.0,-999.0,-999.0,0.2,4.42,196668.5,-999,-999.0,23.7,283.13
Presbytis melalophos,オナガザル科,Presbytis,6439.12,504.99,-999.0,14.0,-999.0,-999.0,-999.0,-999.0,1.01,192.0,0.12,59.34,130402.58,1,-999.0,24.7,278.5
Presbytis natunae,オナガザル科,Presbytis,-999.0,-999.0,-999.0,-999.0,-999.0,-999.0,-999.0,-999.0,-999.0,-999.0,-999.0,-999.0,1445.56,-999,-999.0,26.8,261.0
Presbytis potenziani,オナガザル科,Presbytis,6449.53,510.0,-999.0,3.7,-999.0,-999.0,-999.0,-999.0,1.02,-999.0,0.12,14.8,6044.85,-999,-999.0,25.9,340.0
Presbytis rubicunda,オナガザル科,Presbytis,6348.53,499.99,-999.0,6.5,-999.0,-999.0,-999.0,-999.0,1.01,-999.0,0.5,19.27,674127.71,1,-999.0,24.3,259.49
Presbytis siamensis,オナガザル科,Presbytis,5895.06,510.0,-999.0,-999.0,-999.0,-999.0,-999.0,-999.0,-999.0,-999.0,-999.0,-999.0,87550.36,-999,-999.0,25.4,214.58
Presbytis thomasi,オナガザル科,Presbytis,6689.99,-999.0,-999.0,8.0,-999.0,-999.0,-999.0,-999.0,-999.0,-999.0,0.09,27.0,49763.07,-999,-999.0,25.1,145.84
Procolobus verus,オナガザル科,Procolobus,3977.86,459.99,-999.0,6.3,167.84,-999.0,-999.0,-999.0,1.02,-999.0,0.17,18.6,130901.22,1,-999.0,25.3,186.89
Prolemur simus,キツネザル科,Prolemur,2030.41,370.0,-999.0,7.5,140.0,-999.0,-999.0,-999.0,1.0,144.0,0.62,-999.0,4564.82,2,2.0,18.9,174.64
Propithecus coquereli,インドリ科,Propithecus,4189.27,-999.0,102.45,5.5,140.99,180.96,1533.0,365.0,1.0,-999.0,-999.0,-999.0,7668.04,-999,-999.0,25.1,134.79
Propithecus deckenii,インドリ科,Propithecus,-999.0,-999.0,-999.0,-999.0,-999.0,-999.0,-999.0,-999.0,-999.0,-999.0,-999.0,-999.0,29372.01,-999,-999.0,24.5,111.93
Propithecus diadema,インドリ科,Propithecus,6568.99,501.74,134.99,4.95,152.08,256.27,1553.07,745.2,1.01,-999.0,0.21,5.65,39817.06,1,2.0,19.8,183.83
Propithecus edwardsi,インドリ科,Propithecus,6573.27,-999.0,-999.0,6.0,-999.0,-999.0,-999.0,-999.0,-999.0,-999.0,-999.0,-999.0,12906.49,-999,-999.0,18.3,167.26
Propithecus perrieri,インドリ科,Propithecus,-999.0,-999.0,-999.0,4.5,-999.0,-999.0,-999.0,-999.0,-999.0,-999.0,-999.0,-999.0,661.89,-999,-999.0,25.2,90.5
Propithecus tattersalli,インドリ科,Propithecus,3531.39,475.0,97.47,4.1,-999.0,152.13,1642.5,-999.0,-999.0,-999.0,0.06,65.0,563.17,1,2.0,25.2,104.49
Propithecus verreauxi,インドリ科,Propithecus,3588.26,472.49,102.65,6.3,149.77,177.83,1668.05,365.0,1.02,247.2,0.03,150.0,65373.06,1,1.0,23.5,58.13
Pseudopotto martini,ロリス科,Pseudopotto,-999.0,-999.0,-999.0,-999.0,-999.0,-999.0,-999.0,-999.0,-999.0,-999.0,-999.0,-999.0,-999.0,-999,-999.0,-999.0,-999.0
Pygathrix cinerea,オナガザル科,Pygathrix,-999.0,-999.0,-999.0,-999.0,-999.0,-999.0,-999.0,-999.0,-999.0,-999.0,-999.0,-999.0,14272.32,-999,-999.0,22.2,180.64
Pygathrix nemaeus,オナガザル科,Pygathrix,9411.1,623.37,191.94,9.3,182.88,-999.0,-999.0,430.7,1.01,300.0,-999.0,-999.0,150210.65,1,-999.0,22.5,189.53
Pygathrix nigripes,オナガザル科,Pygathrix,10333.32,609.99,-999.0,-999.0,-999.0,-999.0,-999.0,-999.0,1.0,-999.0,-999.0,-999.0,129519.56,1,-999.0,24.6,158.37
Rhinopithecus avunculus,オナガザル科,Rhinopithecus,9086.19,569.91,-999.0,30.0,200.0,-999.0,-999.0,-999.0,1.0,-999.0,-999.0,-999.0,29614.99,-999,2.0,19.1,131.32
Rhinopithecus bieti,オナガザル科,Rhinopithecus,11000.54,718.26,424.72,50.0,170.0,-999.0,-999.0,-999.0,-999.0,-999.0,20.4,2.5,23060.04,2,-999.0,2.6,182.09
Rhinopithecus brelichi,オナガザル科,Rhinopithecus,12267.15,707.14,-999.0,-999.0,200.0,-999.0,-999.0,-999.0,1.0,-999.0,7.41,16.92,34391.58,1,2.0,13.9,114.3
Rhinopithecus roxellana,オナガザル科,Rhinopithecus,13456.8,647.1,-999.0,65.0,199.34,-999.0,-999.0,-999.0,1.0,-999.0,24.28,4.6,311105.7,1,2.0,9.0,73.4
Saguinus bicolor,オマキザル科,Saguinus,465.0,239.99,-999.0,6.7,158.16,-999.0,-999.0,-999.0,2.0,-999.0,-999.0,-999.0,65246.44,2,1.0,26.2,129.99
Saguinus fuscicollis,オマキザル科,Saguinus,393.99,-999.0,39.18,6.0,148.0,90.1,850.45,293.5,1.83,294.0,0.2,19.49,1978748.26,2,1.0,25.4,196.8
Saguinus geoffroyi,オマキザル科,Saguinus,492.5,-999.0,47.84,6.9,-999.0,-999.0,-999.0,240.9,1.97,-999.0,0.16,5.13,76159.09,2,1.0,25.9,279.43
Saguinus graellsi,オマキザル科,Saguinus,-999.0,-999.0,-999.0,-999.0,-999.0,-999.0,-999.0,-999.0,-999.0,-999.0,-999.0,-999.0,224121.08,-999,-999.0,25.6,233.96
Saguinus imperator,オマキザル科,Saguinus,407.91,-999.0,46.55,5.0,-999.0,-999.0,-999.0,-999.0,-999.0,242.4,0.22,18.39,191381.63,2,1.0,24.9,212.79
Saguinus inustus,オマキザル科,Saguinus,803.0,-999.0,-999.0,-999.0,-999.0,-999.0,-999.0,-999.0,-999.0,-999.0,-999.0,-999.0,266932.81,-999,1.0,24.9,246.37
Saguinus labiatus,オマキザル科,Saguinus,508.46,-999.0,40.67,5.25,144.16,-999.0,-999.0,299.3,1.84,-999.0,0.19,14.08,253794.53,-999,1.0,25.7,168.04
Saguinus leucopus,オマキザル科,Saguinus,456.68,239.99,43.76,7.5,142.5,-999.0,-999.0,-999.0,2.0,-999.0,-999.0,10.57,38875.35,2,1.0,23.1,143.66
Saguinus martinsi,オマキザル科,Saguinus,-999.0,-999.0,-999.0,-999.0,-999.0,-999.0,-999.0,-999.0,-999.0,-999.0,-999.0,-999.0,9116.87,-999,-999.0,26.0,133.29
Saguinus melanoleucus,オマキザル科,Saguinus,-999.0,-999.0,-999.0,-999.0,-999.0,-999.0,-999.0,-999.0,-999.0,-999.0,-999.0,-999.0,47371.93,-999,-999.0,24.8,183.93
Saguinus midas,オマキザル科,Saguinus,540.56,264.21,39.78,5.55,138.24,69.6,730.0,206.83,2.02,184.8,0.05,10.98,1524401.32,2,1.0,25.3,160.68
Saguinus mystax,オマキザル科,Saguinus,555.87,-999.0,46.65,5.4,148.28,-999.0,-999.0,168.5,1.93,-999.0,0.21,30.98,557860.63,2,1.0,25.6,194.85
Saguinus niger,オマキザル科,Saguinus,-999.0,-999.0,-999.0,-999.0,-999.0,-999.0,-999.0,-999.0,-999.0,-999.0,-999.0,-999.0,295763.89,-999,-999.0,24.9,173.23
Saguinus nigricollis,オマキザル科,Saguinus,450.0,-999.0,43.58,6.3,-999.0,82.53,850.45,-999.0,1.82,182.4,0.25,13.33,63703.04,-999,1.0,26.1,256.15
Saguinus oedipus,オマキザル科,Saguinus,462.04,239.99,41.0,7.05,166.49,49.85,942.91,233.06,1.9,277.2,0.06,45.52,51020.84,2,1.0,26.3,120.29
Saguinus pileatus,オマキザル科,Saguinus,-999.0,-999.0,-999.0,-999.0,-999.0,-999.0,-999.0,-999.0,-999.0,-999.0,-999.0,-999.0,82904.59,-999,-999.0,26.1,172.5
Saguinus tripartitus,オマキザル科,Saguinus,385.05,-999.0,-999.0,-999.0,-999.0,-999.0,-999.0,-999.0,-999.0,-999.0,-999.0,-999.0,12544.34,-999,1.0,26.5,331.24
Saimiri boliviensis,オマキザル科,Saimiri,799.45,309.99,-999.0,60.0,157.79,-999.0,-999.0,-999.0,1.02,-999.0,-999.0,28.7,1686507.84,-999,-999.0,24.3,171.5
Saimiri oerstedii,オマキザル科,Saimiri,714.18,282.22,-999.0,25.1,161.0,362.93,-999.0,-999.0,1.01,-999.0,0.1,128.8,6892.87,2,1.0,26.6,228.0
Saimiri sciureus,オマキザル科,Saimiri,749.47,322.0,107.5,34.85,164.09,177.41,1073.25,383.25,1.0,324.0,0.68,36.09,3166418.25,2,1.0,25.3,186.86
Saimiri ustus,オマキザル科,Saimiri,886.47,309.99,-999.0,-999.0,-999.0,238.64,-999.0,-999.0,1.02,-999.0,-999.0,-999.0,1699438.17,-999,1.0,24.9,168.78
Saimiri vanzolinii,オマキザル科,Saimiri,783.77,-999.0,-999.0,40.0,-999.0,-999.0,-999.0,-999.0,1.02,-999.0,-999.0,-999.0,7011.35,-999,-999.0,25.8,231.87
Semnopithecus ajax,オナガザル科,Semnopithecus,-999.0,-999.0,-999.0,-999.0,-999.0,-999.0,-999.0,-999.0,-999.0,-999.0,-999.0,-999.0,68186.13,-999,-999.0,11.2,93.6
Semnopithecus dussumieri,オナガザル科,Semnopithecus,-999.0,-999.0,-999.0,-999.0,-999.0,-999.0,-999.0,-999.0,-999.0,-999.0,-999.0,-999.0,410033.74,-999,-999.0,25.9,106.04
Semnopithecus entellus,オナガザル科,Semnopithecus,12679.29,595.0,499.83,19.0,197.7,402.1,1335.9,507.95,1.02,300.0,1.3,17.28,1516357.53,1,-999.0,25.4,78.82
Semnopithecus hector,オナガザル科,Semnopithecus,-999.0,-999.0,-999.0,-999.0,-999.0,-999.0,-999.0,-999.0,-999.0,-999.0,-999.0,-999.0,20231.94,-999,-999.0,15.9,110.6
Semnopithecus hypoleucos,オナガザル科,Semnopithecus,10026.65,655.0,-999.0,-999.0,-999.0,-999.0,-999.0,-999.0,-999.0,-999.0,-999.0,-999.0,25713.57,-999,-999.0,25.9,191.3
Semnopithecus priam,オナガザル科,Semnopithecus,-999.0,-999.0,-999.0,-999.0,-999.0,-999.0,-999.0,-999.0,-999.0,-999.0,-999.0,-999.0,170165.47,-999,-999.0,26.9,107.23
Semnopithecus schistaceus,オナガザル科,Semnopithecus,-999.0,-999.0,-999.0,-999.0,-999.0,-999.0,-999.0,-999.0,-999.0,-999.0,-999.0,-999.0,39835.34,-999,-999.0,-2.7,161.15
Simias concolor,オナガザル科,Simias,7393.9,499.99,-999.0,2.75,-999.0,-999.0,-999.0,-999.0,1.02,-999.0,0.1,10.9,6044.85,1,2.0,25.9,340.0
Symphalangus syndactylus,テナガザル科,Symphalangus,10839.0,824.99,517.0,3.8,230.66,635.38,3255.8,1003.75,1.02,456.0,0.22,4.99,113063.05,2,-999.0,24.2,226.72
Tarsius bancanus,メガネザル科,Tarsius,114.39,106.59,23.93,1.0,125.84,78.55,919.8,240.29,1.0,144.0,0.01,62.24,848019.79,2,1.0,24.7,256.39
Tarsius dentatus,メガネザル科,Tarsius,110.42,117.5,-999.0,1.0,-999.0,-999.0,-999.0,-999.0,1.01,-999.0,0.003855591,129.0,5028.57,-999,-999.0,18.6,205.99
Tarsius pelengensis,メガネザル科,Tarsius,165.0,-999.0,-999.0,-999.0,-999.0,-999.0,-999.0,-999.0,1.02,-999.0,-999.0,-999.0,2364.95,-999,-999.0,24.0,245.0
Tarsius pumilus,メガネザル科,Tarsius,-999.0,100.0,-999.0,1.0,-999.0,-999.0,-999.0,-999.0,1.01,-999.0,-999.0,-999.0,111.58,-999,-999.0,20.2,222.32
Tarsius sangirensis,メガネザル科,Tarsius,165.0,-999.0,-999.0,-999.0,-999.0,-999.0,-999.0,-999.0,1.02,-999.0,-999.0,-999.0,560.08,-999,-999.0,-999.0,-999.0
Tarsius syrichta,メガネザル科,Tarsius,115.91,117.74,25.6,1.0,177.99,82.49,1204.5,-999.0,1.01,180.0,0.007129928,-999.0,121292.03,1,-999.0,24.1,183.1
Tarsius tarsier,メガネザル科,Tarsius,168.04,120.21,23.99,3.25,181.69,67.61,518.3,262.4,1.0,144.0,0.02,200.0,170743.47,2,-999.0,21.5,229.41
Theropithecus gelada,オナガザル科,Theropithecus,15964.11,620.0,464.92,10.0,178.64,494.95,1505.62,766.5,1.01,336.0,1.16,51.42,153882.5,1,-999.0,17.3,92.49
Trachypithecus auratus,オナガザル科,Trachypithecus,9719.6,-999.0,-999.0,11.0,-999.0,-999.0,-999.0,-999.0,-999.0,-999.0,0.03,41.99,136882.26,-999,-999.0,24.4,201.2
Trachypithecus barbei,オナガザル科,Trachypithecus,-999.0,-999.0,-999.0,-999.0,-999.0,-999.0,-999.0,-999.0,-999.0,-999.0,-999.0,-999.0,4080.83,-999,-999.0,23.3,372.07
Trachypithecus cristatus,オナガザル科,Trachypithecus,7176.81,-999.0,-999.0,27.4,-999.0,362.93,1460.0,-999.0,1.01,373.2,0.12,36.63,827350.53,-999,-999.0,25.0,242.86
Trachypithecus delacouri,オナガザル科,Trachypithecus,-999.0,577.49,-999.0,-999.0,-999.0,-999.0,-999.0,-999.0,1.5,-999.0,-999.0,-999.0,33489.77,1,-999.0,21.2,131.41
Trachypithecus ebenus,オナガザル科,Trachypithecus,-999.0,-999.0,-999.0,-999.0,-999.0,-999.0,-999.0,-999.0,-999.0,-999.0,-999.0,-999.0,715.41,-999,-999.0,21.6,165.26
Trachypithecus francoisi,オナガザル科,Trachypithecus,8139.93,599.99,454.56,-999.0,-999.0,391.76,1460.0,-999.0,-999.0,-999.0,-999.0,-999.0,313031.71,1,-999.0,18.8,123.18
Trachypithecus geei,オナガザル科,Trachypithecus,8356.0,605.0,-999.0,11.0,-999.0,-999.0,-999.0,-999.0,1.02,-999.0,2.22,2.6,10913.89,-999,-999.0,17.6,147.91
Trachypithecus germaini,オナガザル科,Trachypithecus,-999.0,-999.0,-999.0,-999.0,-999.0,-999.0,-999.0,-999.0,-999.0,-999.0,-999.0,-999.0,544016.79,-999,-999.0,25.3,176.62
Trachypithecus hatinhensis,オナガザル科,Trachypithecus,-999.0,-999.0,-999.0,-999.0,-999.0,-999.0,-999.0,-999.0,-999.0,-999.0,-999.0,-999.0,30579.77,-999,-999.0,21.8,171.41
Trachypithecus johnii,オナガザル科,Trachypithecus,10595.08,553.17,-999.0,10.0,-999.0,-999.0,-999.0,-999.0,1.02,-999.0,0.08,71.0,15101.08,1,-999.0,25.7,128.04
Trachypithecus laotum,オナガザル科,Trachypithecus,-999.0,-999.0,-999.0,-999.0,-999.0,-999.0,-999.0,-999.0,-999.0,-999.0,-999.0,-999.0,3111.96,-999,-999.0,22.6,169.2
Trachypithecus obscurus,オナガザル科,Trachypithecus,7247.88,549.99,339.18,10.0,146.63,362.93,1460.0,-999.0,1.01,300.0,0.18,57.0,209688.4,1,-999.0,25.5,201.98
Trachypithecus phayrei,オナガザル科,Trachypithecus,7681.72,-999.0,-999.0,12.9,180.61,305.87,-999.0,456.25,1.0,-999.0,0.17,0.6,1313008.67,-999,-999.0,21.3,145.87
Trachypithecus pileatus,オナガザル科,Trachypithecus,11219.93,575.0,-999.0,8.5,-999.0,-999.0,-999.0,-999.0,-999.0,-999.0,0.22,81.49,453900.78,-999,-999.0,20.3,190.31
Trachypithecus poliocephalus,オナガザル科,Trachypithecus,-999.0,-999.0,-999.0,-999.0,-999.0,-999.0,-999.0,-999.0,-999.0,-999.0,-999.0,-999.0,2402.32,-999,-999.0,21.2,155.82
Trachypithecus shortridgei,オナガザル科,Trachypithecus,-999.0,-999.0,-999.0,-999.0,-999.0,-999.0,-999.0,-999.0,-999.0,-999.0,-999.0,-999.0,80950.94,-999,-999.0,11.0,153.88
Trachypithecus vetulus,オナガザル科,Trachypithecus,7205.08,584.99,359.99,8.35,204.72,245.78,1460.0,783.83,1.01,276.0,0.02,144.65,52878.45,1,-999.0,25.8,143.41
Varecia rubra,キツネザル科,Varecia,3872.6,-999.0,-999.0,-999.0,-999.0,-999.0,-999.0,-999.0,-999.0,-999.0,-999.0,-999.0,6367.02,-999,-999.0,22.3,176.31
Varecia variegata,キツネザル科,Varecia,3849.99,547.35,93.69,2.8,102.5,90.73,700.8,365.0,2.16,384.0,1.39,27.83,60508.59,1,2.0,19.9,188.58
